Country,Year,Bronze,Silver,Gold,Points
AFG,1936,0,0,0,0
AFG,1948,0,0,0,0
AFG,1956,0,0,0,0
AFG,1960,0,0,0,0
AFG,1964,0,0,0,0
AFG,1968,0,0,0,0
AFG,1972,0,0,0,0
AFG,1980,0,0,0,0
AFG,1988,0,0,0,0
AFG,1996,0,0,0,0
AFG,2004,0,0,0,0
AFG,2008,1,0,0,1
AFG,2012,1,0,0,1
AFG,2016,0,0,0,0
AHO,1952,0,0,0,0
AHO,1960,0,0,0,0
AHO,1964,0,0,0,0
AHO,1968,0,0,0,0
AHO,1972,0,0,0,0
AHO,1976,0,0,0,0
AHO,1984,0,0,0,0
AHO,1988,0,1,0,3
AHO,1992,0,0,0,0
AHO,1996,0,0,0,0
AHO,2000,0,0,0,0
AHO,2004,0,0,0,0
AHO,2008,0,0,0,0
ALB,1972,0,0,0,0
ALB,1992,0,0,0,0
ALB,1996,0,0,0,0
ALB,2000,0,0,0,0
ALB,2004,0,0,0,0
ALB,2008,0,0,0,0
ALB,2012,0,0,0,0
ALB,2016,0,0,0,0
ALG,1964,0,0,0,0
ALG,1968,0,0,0,0
ALG,1972,0,0,0,0
ALG,1980,0,0,0,0
ALG,1984,2,0,0,2
ALG,1988,0,0,0,0
ALG,1992,1,0,1,6
ALG,1996,1,0,2,11
ALG,2000,3,1,1,11
ALG,2004,0,0,0,0
ALG,2008,1,1,0,4
ALG,2012,0,0,1,5
ALG,2016,0,2,0,6
AND,1976,0,0,0,0
AND,1980,0,0,0,0
AND,1984,0,0,0,0
AND,1988,0,0,0,0
AND,1992,0,0,0,0
AND,1996,0,0,0,0
AND,2000,0,0,0,0
AND,2004,0,0,0,0
AND,2008,0,0,0,0
AND,2012,0,0,0,0
AND,2016,0,0,0,0
ANG,1980,0,0,0,0
ANG,1988,0,0,0,0
ANG,1992,0,0,0,0
ANG,1996,0,0,0,0
ANG,2000,0,0,0,0
ANG,2004,0,0,0,0
ANG,2008,0,0,0,0
ANG,2012,0,0,0,0
ANG,2016,0,0,0,0
ANT,1976,0,0,0,0
ANT,1984,0,0,0,0
ANT,1988,0,0,0,0
ANT,1992,0,0,0,0
ANT,1996,0,0,0,0
ANT,2000,0,0,0,0
ANT,2004,0,0,0,0
ANT,2008,0,0,0,0
ANT,2012,0,0,0,0
ANT,2016,0,0,0,0
ANZ,1908,2,2,15,83
ANZ,1912,3,2,5,34
ARG,1900,0,0,0,0
ARG,1908,0,0,0,0
ARG,1920,0,0,0,0
ARG,1924,2,3,5,36
ARG,1928,5,18,3,74
ARG,1932,0,1,3,18
ARG,1936,4,2,5,35
ARG,1948,1,7,3,37
ARG,1952,2,2,2,18
ARG,1956,1,1,0,4
ARG,1960,1,3,0,10
ARG,1964,0,1,0,3
ARG,1968,2,0,0,2
ARG,1972,0,1,0,3
ARG,1976,0,0,0,0
ARG,1984,0,0,0,0
ARG,1988,12,1,0,15
ARG,1992,2,0,0,2
ARG,1996,1,19,0,58
ARG,2000,3,17,0,54
ARG,2004,21,0,28,161
ARG,2008,31,0,20,131
ARG,2012,3,15,1,53
ARG,2016,0,1,21,108
ARM,1996,0,1,1,8
ARM,2000,1,0,0,1
ARM,2004,0,0,0,0
ARM,2008,6,0,0,6
ARM,2012,2,1,0,5
ARM,2016,0,3,1,14
ARU,1988,0,0,0,0
ARU,1992,0,0,0,0
ARU,1996,0,0,0,0
ARU,2000,0,0,0,0
ARU,2004,0,0,0,0
ARU,2008,0,0,0,0
ARU,2012,0,0,0,0
ARU,2016,0,0,0,0
ASA,1988,0,0,0,0
ASA,1992,0,0,0,0
ASA,1996,0,0,0,0
ASA,2000,0,0,0,0
ASA,2004,0,0,0,0
ASA,2008,0,0,0,0
ASA,2012,0,0,0,0
ASA,2016,0,0,0,0
AUS,1896,1,0,2,11
AUS,1900,3,0,3,18
AUS,1904,1,3,0,10
AUS,1906,3,0,0,3
AUS,1920,1,6,0,19
AUS,1924,2,5,3,32
AUS,1928,1,2,1,12
AUS,1932,1,1,3,19
AUS,1936,1,0,0,1
AUS,1948,5,9,2,42
AUS,1952,11,2,7,52
AUS,1956,26,13,28,205
AUS,1960,11,24,11,138
AUS,1964,30,6,8,88
AUS,1968,11,35,5,141
AUS,1972,2,7,11,78
AUS,1976,8,15,0,53
AUS,1980,5,2,6,41
AUS,1984,31,14,7,108
AUS,1988,11,6,18,119
AUS,1992,16,27,14,167
AUS,1996,84,16,32,292
AUS,2000,54,69,60,561
AUS,2004,31,77,49,507
AUS,2008,76,42,31,357
AUS,2012,59,37,18,260
AUS,2016,25,34,23,242
AUT,1896,2,1,2,15
AUT,1900,3,3,0,12
AUT,1904,1,1,2,14
AUT,1906,3,3,3,27
AUT,1908,1,0,0,1
AUT,1912,5,9,0,32
AUT,1924,1,3,0,10
AUT,1928,2,0,3,17
AUT,1932,3,1,1,11
AUT,1936,7,42,6,163
AUT,1948,4,2,2,20
AUT,1952,2,1,0,5
AUT,1956,4,0,0,4
AUT,1960,0,2,1,11
AUT,1964,0,0,0,0
AUT,1968,3,2,0,9
AUT,1972,2,1,0,5
AUT,1976,1,0,0,1
AUT,1980,1,3,1,15
AUT,1984,1,1,1,9
AUT,1988,0,0,1,5
AUT,1992,0,6,0,18
AUT,1996,2,1,0,5
AUT,2000,0,1,3,18
AUT,2004,1,4,3,28
AUT,2008,2,1,0,5
AUT,2012,0,0,0,0
AUT,2016,2,0,0,2
AZE,1996,0,1,0,3
AZE,2000,1,0,2,11
AZE,2004,4,0,1,9
AZE,2008,4,2,1,15
AZE,2012,6,2,2,22
AZE,2016,10,7,1,36
BAH,1952,0,0,0,0
BAH,1956,2,0,0,2
BAH,1960,0,0,0,0
BAH,1964,0,0,2,10
BAH,1968,0,0,0,0
BAH,1972,0,0,0,0
BAH,1976,0,0,0,0
BAH,1984,0,0,0,0
BAH,1988,0,0,0,0
BAH,1992,1,0,0,1
BAH,1996,0,5,0,15
BAH,2000,5,0,6,35
BAH,2004,1,0,1,6
BAH,2008,1,6,0,19
BAH,2012,0,0,4,20
BAH,2016,5,0,1,10
BAN,1984,0,0,0,0
BAN,1988,0,0,0,0
BAN,1992,0,0,0,0
BAN,1996,0,0,0,0
BAN,2000,0,0,0,0
BAN,2004,0,0,0,0
BAN,2008,0,0,0,0
BAN,2012,0,0,0,0
BAN,2016,0,0,0,0
BAR,1968,0,0,0,0
BAR,1972,0,0,0,0
BAR,1976,0,0,0,0
BAR,1984,0,0,0,0
BAR,1988,0,0,0,0
BAR,1992,0,0,0,0
BAR,1996,0,0,0,0
BAR,2000,1,0,0,1
BAR,2004,0,0,0,0
BAR,2008,0,0,0,0
BAR,2012,0,0,0,0
BAR,2016,0,0,0,0
BDI,1996,0,0,1,5
BDI,2000,0,0,0,0
BDI,2004,0,0,0,0
BDI,2008,0,0,0,0
BDI,2012,0,0,0,0
BDI,2016,0,1,0,3
BEL,1900,13,24,6,115
BEL,1906,6,3,2,25
BEL,1908,8,24,1,85
BEL,1912,11,1,7,49
BEL,1920,66,65,57,546
BEL,1924,6,30,3,111
BEL,1928,4,1,0,7
BEL,1932,1,0,0,1
BEL,1936,14,0,0,14
BEL,1948,8,2,5,39
BEL,1952,0,3,5,34
BEL,1956,0,2,0,6
BEL,1960,2,2,0,8
BEL,1964,1,0,2,11
BEL,1968,2,1,0,5
BEL,1972,0,2,0,6
BEL,1976,6,3,0,15
BEL,1980,0,0,1,5
BEL,1984,2,2,1,13
BEL,1988,2,0,0,2
BEL,1992,2,1,0,5
BEL,1996,2,2,2,18
BEL,2000,4,3,0,13
BEL,2004,2,0,1,7
BEL,2008,0,4,1,17
BEL,2012,2,1,0,5
BEL,2016,2,17,2,63
BEN,1972,0,0,0,0
BEN,1980,0,0,0,0
BEN,1984,0,0,0,0
BEN,1988,0,0,0,0
BEN,1992,0,0,0,0
BEN,1996,0,0,0,0
BEN,2000,0,0,0,0
BEN,2004,0,0,0,0
BEN,2008,0,0,0,0
BEN,2012,0,0,0,0
BEN,2016,0,0,0,0
BER,1936,0,0,0,0
BER,1948,0,0,0,0
BER,1952,0,0,0,0
BER,1956,0,0,0,0
BER,1960,0,0,0,0
BER,1964,0,0,0,0
BER,1968,0,0,0,0
BER,1972,0,0,0,0
BER,1976,1,0,0,1
BER,1984,0,0,0,0
BER,1988,0,0,0,0
BER,1992,0,0,0,0
BER,1996,0,0,0,0
BER,2000,0,0,0,0
BER,2004,0,0,0,0
BER,2008,0,0,0,0
BER,2012,0,0,0,0
BER,2016,0,0,0,0
BHU,1984,0,0,0,0
BHU,1988,0,0,0,0
BHU,1992,0,0,0,0
BHU,1996,0,0,0,0
BHU,2000,0,0,0,0
BHU,2004,0,0,0,0
BHU,2008,0,0,0,0
BHU,2012,0,0,0,0
BHU,2016,0,0,0,0
BIH,1992,0,0,0,0
BIH,1996,0,0,0,0
BIH,2000,0,0,0,0
BIH,2004,0,0,0,0
BIH,2008,0,0,0,0
BIH,2012,0,0,0,0
BIH,2016,0,0,0,0
BIZ,1968,0,0,0,0
BIZ,1972,0,0,0,0
BIZ,1976,0,0,0,0
BIZ,1984,0,0,0,0
BIZ,1988,0,0,0,0
BIZ,1992,0,0,0,0
BIZ,1996,0,0,0,0
BIZ,2000,0,0,0,0
BIZ,2004,0,0,0,0
BIZ,2008,0,0,0,0
BIZ,2012,0,0,0,0
BIZ,2016,0,0,0,0
BLR,1996,16,6,1,39
BLR,2000,11,8,3,50
BLR,2004,8,5,2,33
BLR,2008,16,5,8,71
BLR,2012,8,12,3,59
BLR,2016,7,4,1,24
BOH,1900,2,1,0,5
BOH,1906,3,0,0,3
BOH,1908,6,0,0,6
BOH,1912,0,0,0,0
BOL,1936,0,0,0,0
BOL,1964,0,0,0,0
BOL,1968,0,0,0,0
BOL,1972,0,0,0,0
BOL,1976,0,0,0,0
BOL,1984,0,0,0,0
BOL,1988,0,0,0,0
BOL,1992,0,0,0,0
BOL,1996,0,0,0,0
BOL,2000,0,0,0,0
BOL,2004,0,0,0,0
BOL,2008,0,0,0,0
BOL,2012,0,0,0,0
BOL,2016,0,0,0,0
BOT,1980,0,0,0,0
BOT,1984,0,0,0,0
BOT,1988,0,0,0,0
BOT,1992,0,0,0,0
BOT,1996,0,0,0,0
BOT,2000,0,0,0,0
BOT,2004,0,0,0,0
BOT,2008,0,0,0,0
BOT,2012,0,1,0,3
BOT,2016,0,0,0,0
BRA,1900,0,0,0,0
BRA,1920,5,1,1,13
BRA,1924,0,0,0,0
BRA,1932,0,0,0,0
BRA,1936,0,0,0,0
BRA,1948,10,0,0,10
BRA,1952,2,0,1,7
BRA,1956,0,0,1,5
BRA,1960,13,0,0,13
BRA,1964,12,0,0,12
BRA,1968,3,1,0,6
BRA,1972,2,0,0,2
BRA,1976,3,0,0,3
BRA,1980,5,0,4,25
BRA,1984,2,33,1,106
BRA,1988,5,17,1,61
BRA,1992,0,1,13,68
BRA,1996,43,15,5,113
BRA,2000,36,12,0,72
BRA,2004,3,19,18,150
BRA,2008,30,34,14,202
BRA,2012,11,34,14,183
BRA,2016,6,8,36,210
BRN,1984,0,0,0,0
BRN,1988,0,0,0,0
BRN,1992,0,0,0,0
BRN,1996,0,0,0,0
BRN,2000,0,0,0,0
BRN,2004,0,0,0,0
BRN,2008,0,0,0,0
BRN,2012,1,0,0,1
BRN,2016,0,1,1,8
BRU,1996,0,0,0,0
BRU,2000,0,0,0,0
BRU,2004,0,0,0,0
BRU,2012,0,0,0,0
BRU,2016,0,0,0,0
BUL,1924,0,0,0,0
BUL,1928,0,0,0,0
BUL,1932,0,0,0,0
BUL,1936,0,0,0,0
BUL,1952,1,0,0,1
BUL,1956,14,3,1,28
BUL,1960,3,3,1,17
BUL,1964,2,5,3,32
BUL,1968,3,21,2,76
BUL,1972,6,10,6,66
BUL,1976,18,13,8,97
BUL,1980,38,44,8,210
BUL,1988,17,14,10,109
BUL,1992,7,7,3,43
BUL,1996,6,12,3,57
BUL,2000,2,6,5,45
BUL,2004,14,1,2,27
BUL,2008,3,1,1,11
BUL,2012,1,1,0,4
BUL,2016,6,1,0,9
BUR,1972,0,0,0,0
BUR,1988,0,0,0,0
BUR,1992,0,0,0,0
BUR,1996,0,0,0,0
BUR,2000,0,0,0,0
BUR,2004,0,0,0,0
BUR,2008,0,0,0,0
BUR,2012,0,0,0,0
BUR,2016,0,0,0,0
CAF,1968,0,0,0,0
CAF,1984,0,0,0,0
CAF,1988,0,0,0,0
CAF,1992,0,0,0,0
CAF,1996,0,0,0,0
CAF,2000,0,0,0,0
CAF,2004,0,0,0,0
CAF,2008,0,0,0,0
CAF,2012,0,0,0,0
CAF,2016,0,0,0,0
CAM,1956,0,0,0,0
CAM,1964,0,0,0,0
CAM,1972,0,0,0,0
CAM,1996,0,0,0,0
CAM,2000,0,0,0,0
CAM,2004,0,0,0,0
CAM,2008,0,0,0,0
CAM,2012,0,0,0,0
CAM,2016,0,0,0,0
CAN,1900,1,0,1,6
CAN,1904,12,9,27,174
CAN,1906,0,1,1,8
CAN,1908,30,8,14,124
CAN,1912,3,2,3,24
CAN,1920,3,3,10,62
CAN,1924,1,19,0,58
CAN,1928,21,5,7,71
CAN,1932,24,13,2,73
CAN,1936,9,12,1,50
CAN,1948,5,2,0,11
CAN,1952,0,3,1,14
CAN,1956,5,9,5,57
CAN,1960,0,9,0,27
CAN,1964,1,2,2,17
CAN,1968,4,3,3,28
CAN,1972,9,2,0,15
CAN,1976,14,9,0,41
CAN,1984,32,36,19,235
CAN,1988,14,5,4,49
CAN,1992,12,5,27,162
CAN,1996,12,30,8,142
CAN,2000,23,4,4,55
CAN,2004,4,10,3,49
CAN,2008,11,13,11,105
CAN,2012,33,21,1,101
CAN,2016,61,4,4,93
CAY,1976,0,0,0,0
CAY,1984,0,0,0,0
CAY,1988,0,0,0,0
CAY,1992,0,0,0,0
CAY,1996,0,0,0,0
CAY,2000,0,0,0,0
CAY,2004,0,0,0,0
CAY,2008,0,0,0,0
CAY,2012,0,0,0,0
CAY,2016,0,0,0,0
CGO,1964,0,0,0,0
CGO,1972,0,0,0,0
CGO,1980,0,0,0,0
CGO,1984,0,0,0,0
CGO,1988,0,0,0,0
CGO,1992,0,0,0,0
CGO,1996,0,0,0,0
CGO,2000,0,0,0,0
CGO,2004,0,0,0,0
CGO,2008,0,0,0,0
CGO,2012,0,0,0,0
CGO,2016,0,0,0,0
CHA,1964,0,0,0,0
CHA,1968,0,0,0,0
CHA,1972,0,0,0,0
CHA,1984,0,0,0,0
CHA,1988,0,0,0,0
CHA,1992,0,0,0,0
CHA,1996,0,0,0,0
CHA,2000,0,0,0,0
CHA,2004,0,0,0,0
CHA,2008,0,0,0,0
CHA,2012,0,0,0,0
CHA,2016,0,0,0,0
CHI,1912,0,0,0,0
CHI,1920,0,0,0,0
CHI,1924,0,0,0,0
CHI,1928,0,1,0,3
CHI,1936,0,0,0,0
CHI,1948,0,0,0,0
CHI,1952,0,4,0,12
CHI,1956,2,2,0,8
CHI,1960,0,0,0,0
CHI,1964,0,0,0,0
CHI,1968,0,0,0,0
CHI,1972,0,0,0,0
CHI,1976,0,0,0,0
CHI,1984,0,0,0,0
CHI,1988,0,1,0,3
CHI,1992,0,0,0,0
CHI,1996,0,0,0,0
CHI,2000,17,0,0,17
CHI,2004,1,0,3,16
CHI,2008,0,1,0,3
CHI,2012,0,0,0,0
CHI,2016,0,0,0,0
CHN,1932,0,0,0,0
CHN,1936,0,0,0,0
CHN,1948,0,0,0,0
CHN,1952,0,0,0,0
CHN,1984,37,13,24,196
CHN,1988,30,16,6,108
CHN,1992,19,45,18,244
CHN,1996,17,70,19,322
CHN,2000,17,23,39,281
CHN,2004,15,27,52,356
CHN,2008,57,53,74,586
CHN,2012,29,40,56,429
CHN,2016,37,30,46,357
CIV,1964,0,0,0,0
CIV,1968,0,0,0,0
CIV,1972,0,0,0,0
CIV,1976,0,0,0,0
CIV,1984,0,1,0,3
CIV,1988,0,0,0,0
CIV,1992,0,0,0,0
CIV,1996,0,0,0,0
CIV,2000,0,0,0,0
CIV,2004,0,0,0,0
CIV,2008,0,0,0,0
CIV,2012,0,0,0,0
CIV,2016,1,0,1,6
CMR,1964,0,0,0,0
CMR,1968,0,1,0,3
CMR,1972,0,0,0,0
CMR,1976,0,0,0,0
CMR,1980,0,0,0,0
CMR,1984,1,0,0,1
CMR,1988,0,0,0,0
CMR,1992,0,0,0,0
CMR,1996,0,0,0,0
CMR,2000,0,0,18,90
CMR,2004,0,0,1,5
CMR,2008,0,0,1,5
CMR,2012,0,0,0,0
CMR,2016,0,0,0,0
COD,1968,0,0,0,0
COD,1984,0,0,0,0
COD,1988,0,0,0,0
COD,1992,0,0,0,0
COD,1996,0,0,0,0
COD,2000,0,0,0,0
COD,2004,0,0,0,0
COD,2008,0,0,0,0
COD,2012,0,0,0,0
COD,2016,0,0,0,0
COK,1988,0,0,0,0
COK,1992,0,0,0,0
COK,1996,0,0,0,0
COK,2000,0,0,0,0
COK,2004,0,0,0,0
COK,2008,0,0,0,0
COK,2012,0,0,0,0
COK,2016,0,0,0,0
COL,1900,0,1,0,3
COL,1932,0,0,0,0
COL,1936,0,0,0,0
COL,1948,0,0,0,0
COL,1956,0,0,0,0
COL,1960,0,0,0,0
COL,1964,0,0,0,0
COL,1968,0,0,0,0
COL,1972,2,1,0,5
COL,1976,0,0,0,0
COL,1980,0,0,0,0
COL,1984,0,1,0,3
COL,1988,1,0,0,1
COL,1992,1,0,0,1
COL,1996,0,0,0,0
COL,2000,0,0,1,5
COL,2004,2,0,0,2
COL,2008,1,1,0,4
COL,2012,4,3,1,18
COL,2016,3,2,3,24
COM,1996,0,0,0,0
COM,2000,0,0,0,0
COM,2004,0,0,0,0
COM,2008,0,0,0,0
COM,2012,0,0,0,0
COM,2016,0,0,0,0
Country,Year,Bronze,Silver,Gold,Total points
CPV,1996,0,0,0,0
CPV,2000,0,0,0,0
CPV,2004,0,0,0,0
CPV,2008,0,0,0,0
CPV,2012,0,0,0,0
CPV,2016,0,0,0,0
CRC,1936,0,0,0,0
CRC,1964,0,0,0,0
CRC,1968,0,0,0,0
CRC,1972,0,0,0,0
CRC,1976,0,0,0,0
CRC,1980,0,0,0,0
CRC,1984,0,0,0,0
CRC,1988,0,1,0,3
CRC,1992,0,0,0,0
CRC,1996,0,0,1,5
CRC,2000,2,0,0,2
CRC,2004,0,0,0,0
CRC,2008,0,0,0,0
CRC,2012,0,0,0,0
CRC,2016,0,0,0,0
CRO,1992,3,12,0,39
CRO,1996,0,12,16,116
CRO,2000,9,0,1,14
CRO,2004,3,3,15,87
CRO,2008,3,2,0,9
CRO,2012,16,4,15,103
CRO,2016,2,15,7,82
CRT,1906,0,0,0,0
CUB,1900,0,1,1,8
CUB,1904,0,0,5,25
CUB,1924,0,0,0,0
CUB,1928,0,0,0,0
CUB,1932,0,0,0,0
CUB,1948,0,2,0,6
CUB,1952,0,0,0,0
CUB,1956,0,0,0,0
CUB,1960,0,0,0,0
CUB,1964,0,1,0,3
CUB,1968,0,10,0,30
CUB,1972,18,1,3,36
CUB,1976,14,4,6,56
CUB,1980,5,7,8,66
CUB,1992,14,13,42,263
CUB,1996,10,8,37,219
CUB,2000,12,35,18,207
CUB,2004,22,8,32,206
CUB,2008,11,34,2,123
CUB,2012,6,3,5,40
CUB,2016,4,2,5,35
CYP,1980,0,0,0,0
CYP,1984,0,0,0,0
CYP,1988,0,0,0,0
CYP,1992,0,0,0,0
CYP,1996,0,0,0,0
CYP,2000,0,0,0,0
CYP,2004,0,0,0,0
CYP,2008,0,0,0,0
CYP,2012,0,1,0,3
CYP,2016,0,0,0,0
CZE,1996,4,5,4,39
CZE,2000,4,3,2,23
CZE,2004,6,6,1,29
CZE,2008,0,4,3,27
CZE,2012,6,4,4,38
CZE,2016,12,2,1,23
DEN,1896,3,2,1,14
DEN,1900,2,3,4,31
DEN,1906,1,19,14,128
DEN,1908,3,14,0,45
DEN,1912,33,49,5,205
DEN,1920,1,44,26,263
DEN,1924,3,9,2,40
DEN,1928,4,5,6,49
DEN,1932,4,7,0,25
DEN,1936,3,3,0,12
DEN,1948,27,17,7,113
DEN,1952,5,1,3,23
DEN,1956,1,4,1,18
DEN,1960,4,17,2,65
DEN,1964,4,1,7,42
DEN,1968,6,6,5,49
DEN,1972,0,0,1,5
DEN,1976,5,0,3,20
DEN,1980,2,2,4,28
DEN,1984,10,3,0,19
DEN,1988,3,1,3,21
DEN,1992,9,2,3,30
DEN,1996,1,1,21,109
DEN,2000,4,3,18,103
DEN,2004,9,1,19,107
DEN,2008,6,7,6,57
DEN,2012,8,5,3,38
DEN,2016,16,10,15,121
DJI,1984,0,0,0,0
DJI,1988,1,0,0,1
DJI,1992,0,0,0,0
DJI,1996,0,0,0,0
DJI,2000,0,0,0,0
DJI,2008,0,0,0,0
DJI,2012,0,0,0,0
DJI,2016,0,0,0,0
DMA,1996,0,0,0,0
DMA,2000,0,0,0,0
DMA,2004,0,0,0,0
DMA,2008,0,0,0,0
DMA,2012,0,0,0,0
DMA,2016,0,0,0,0
DOM,1964,0,0,0,0
DOM,1968,0,0,0,0
DOM,1972,0,0,0,0
DOM,1976,0,0,0,0
DOM,1980,0,0,0,0
DOM,1984,1,0,0,1
DOM,1988,0,0,0,0
DOM,1992,0,0,0,0
DOM,1996,0,0,0,0
DOM,2000,0,0,0,0
DOM,2004,0,0,1,5
DOM,2008,0,1,1,8
DOM,2012,0,1,1,8
DOM,2016,1,0,0,1
ECU,1924,0,0,0,0
ECU,1968,0,0,0,0
ECU,1972,0,0,0,0
ECU,1976,0,0,0,0
ECU,1980,0,0,0,0
ECU,1984,0,0,0,0
ECU,1988,0,0,0,0
ECU,1992,0,0,0,0
ECU,1996,0,0,1,5
ECU,2000,0,0,0,0
ECU,2004,0,0,0,0
ECU,2008,0,1,0,3
ECU,2012,0,0,0,0
ECU,2016,0,0,0,0
EGY,1906,0,0,0,0
EGY,1920,0,0,0,0
EGY,1924,0,0,0,0
EGY,1928,1,1,2,14
EGY,1936,2,1,2,15
EGY,1948,1,2,2,17
EGY,1952,1,0,0,1
EGY,1956,0,0,0,0
EGY,1964,0,0,0,0
EGY,1968,0,0,0,0
EGY,1972,0,0,0,0
EGY,1976,0,0,0,0
EGY,1984,0,1,0,3
EGY,1988,0,0,0,0
EGY,1992,0,0,0,0
EGY,1996,0,0,0,0
EGY,2000,0,0,0,0
EGY,2004,3,1,1,11
EGY,2008,1,0,0,1
EGY,2012,0,2,0,6
EGY,2016,3,0,0,3
ERI,2000,0,0,0,0
ERI,2004,1,0,0,1
ERI,2008,0,0,0,0
ERI,2012,0,0,0,0
ERI,2016,0,0,0,0
ESA,1932,0,0,0,0
ESA,1968,0,0,0,0
ESA,1972,0,0,0,0
ESA,1984,0,0,0,0
ESA,1988,0,0,0,0
ESA,1992,0,0,0,0
ESA,1996,0,0,0,0
ESA,2000,0,0,0,0
ESA,2004,0,0,0,0
ESA,2008,0,0,0,0
ESA,2012,0,0,0,0
ESA,2016,0,0,0,0
ESP,1900,0,0,2,10
ESP,1920,0,23,0,69
ESP,1924,0,0,0,0
ESP,1928,0,0,3,15
ESP,1932,1,0,0,1
ESP,1948,0,3,0,9
ESP,1952,0,1,0,3
ESP,1956,0,0,0,0
ESP,1960,14,0,0,14
ESP,1964,0,0,0,0
ESP,1968,0,0,0,0
ESP,1972,1,0,0,1
ESP,1976,0,6,0,18
ESP,1980,3,19,2,70
ESP,1984,3,14,2,55
ESP,1988,2,2,1,13
ESP,1992,2,19,48,299
ESP,1996,22,21,23,200
ESP,2000,20,19,3,92
ESP,2004,9,17,4,80
ESP,2008,16,47,7,192
ESP,2012,25,33,5,149
ESP,2016,17,19,9,119
EST,1920,0,2,1,11
EST,1924,4,1,1,12
EST,1928,6,1,2,19
EST,1932,0,0,0,0
EST,1936,3,2,2,19
EST,1992,2,0,1,7
EST,1996,0,0,0,0
EST,2000,2,0,1,7
EST,2004,2,1,0,5
EST,2008,0,2,1,11
EST,2012,1,1,0,4
EST,2016,4,0,0,4
ETH,1956,0,0,0,0
ETH,1960,0,0,1,5
ETH,1964,0,0,1,5
ETH,1968,0,1,1,8
ETH,1972,2,0,0,2
ETH,1980,2,0,2,12
ETH,1992,2,0,1,7
ETH,1996,1,0,2,11
ETH,2000,3,1,4,26
ETH,2004,2,3,2,21
ETH,2008,2,1,4,25
ETH,2012,3,1,3,21
ETH,2016,5,2,1,16
EUN,1992,67,61,92,710
FIJ,1956,0,0,0,0
FIJ,1960,0,0,0,0
FIJ,1968,0,0,0,0
FIJ,1972,0,0,0,0
FIJ,1976,0,0,0,0
FIJ,1984,0,0,0,0
FIJ,1988,0,0,0,0
FIJ,1992,0,0,0,0
FIJ,1996,0,0,0,0
FIJ,2000,0,0,0,0
FIJ,2004,0,0,0,0
FIJ,2008,0,0,0,0
FIJ,2012,0,0,0,0
FIJ,2016,0,0,13,65
FIN,1906,1,1,2,14
FIN,1908,28,1,1,36
FIN,1912,22,40,9,187
FIN,1920,17,14,21,164
FIN,1924,15,13,24,174
FIN,1928,9,8,8,73
FIN,1932,16,8,5,65
FIN,1936,13,6,8,71
FIN,1948,8,8,17,117
FIN,1952,29,3,8,78
FIN,1956,22,1,3,40
FIN,1960,4,1,1,12
FIN,1964,2,0,3,17
FIN,1968,1,2,1,12
FIN,1972,6,1,3,24
FIN,1976,0,2,4,26
FIN,1980,5,1,3,23
FIN,1984,6,2,4,32
FIN,1988,2,1,1,10
FIN,1992,2,4,1,19
FIN,1996,1,2,1,12
FIN,2000,1,1,3,19
FIN,2004,0,2,0,6
FIN,2008,2,2,1,13
FIN,2012,4,1,0,7
FIN,2016,1,0,0,1
FRA,1896,2,4,5,39
FRA,1900,82,101,52,645
FRA,1904,0,2,0,6
FRA,1906,28,16,20,176
FRA,1908,23,5,12,98
FRA,1912,5,11,10,88
FRA,1920,57,71,13,335
FRA,1924,22,51,37,360
FRA,1928,14,24,12,146
FRA,1932,6,8,26,160
FRA,1936,18,13,13,122
FRA,1948,24,22,26,220
FRA,1952,17,9,14,114
FRA,1956,13,13,7,87
FRA,1960,6,6,0,24
FRA,1964,17,13,1,61
FRA,1968,10,5,12,85
FRA,1972,15,5,2,40
FRA,1976,8,7,5,54
FRA,1980,6,5,18,111
FRA,1984,31,16,20,179
FRA,1988,13,4,12,85
FRA,1992,43,5,9,103
FRA,1996,20,10,21,155
FRA,2000,14,30,22,214
FRA,2004,22,10,21,157
FRA,2008,28,24,25,225
FRA,2012,22,30,30,262
FRA,2016,21,55,20,286
FRG,1968,18,16,17,151
FRG,1972,39,19,44,316
FRG,1976,32,25,21,212
FRG,1984,53,75,30,428
FRG,1988,46,37,32,317
FSM,2000,0,0,0,0
FSM,2004,0,0,0,0
FSM,2008,0,0,0,0
FSM,2012,0,0,0,0
FSM,2016,0,0,0,0
GAB,1972,0,0,0,0
GAB,1984,0,0,0,0
GAB,1988,0,0,0,0
GAB,1992,0,0,0,0
GAB,1996,0,0,0,0
GAB,2000,0,0,0,0
GAB,2004,0,0,0,0
GAB,2008,0,0,0,0
GAB,2012,0,1,0,3
GAB,2016,0,0,0,0
GAM,1984,0,0,0,0
GAM,1988,0,0,0,0
GAM,1992,0,0,0,0
GAM,1996,0,0,0,0
GAM,2000,0,0,0,0
GAM,2004,0,0,0,0
GAM,2008,0,0,0,0
GAM,2012,0,0,0,0
GAM,2016,0,0,0,0
GBR,1896,3,3,3,27
GBR,1900,15,34,59,412
GBR,1904,0,1,1,8
GBR,1906,8,22,9,119
GBR,1908,90,131,147,1218
GBR,1912,59,64,47,486
GBR,1920,17,42,52,403
GBR,1924,19,30,15,184
GBR,1928,24,27,7,140
GBR,1932,14,12,9,95
GBR,1936,8,16,12,116
GBR,1948,12,42,7,173
GBR,1952,26,2,3,47
GBR,1956,22,16,8,110
GBR,1960,15,11,2,58
GBR,1964,5,19,4,82
GBR,1968,5,5,9,65
GBR,1972,12,9,8,79
GBR,1976,11,15,6,86
GBR,1980,24,18,5,103
GBR,1984,42,20,9,147
GBR,1988,15,17,22,176
GBR,1992,39,3,8,88
GBR,1996,9,15,2,64
GBR,2000,12,20,22,182
GBR,2004,15,25,17,175
GBR,2008,25,25,31,255
GBR,2012,48,30,48,378
GBR,2016,26,55,64,511
GBS,1996,0,0,0,0
GBS,2000,0,0,0,0
GBS,2004,0,0,0,0
GBS,2008,0,0,0,0
GBS,2012,0,0,0,0
GBS,2016,0,0,0,0
GDR,1968,19,20,13,144
GDR,1972,57,64,30,399
GDR,1976,42,51,102,705
GDR,1980,61,88,115,900
GDR,1988,48,54,79,605
GEO,1996,2,0,0,2
GEO,2000,6,0,0,6
GEO,2004,0,2,2,16
GEO,2008,3,0,3,18
GEO,2012,3,3,1,17
GEO,2016,4,1,2,17
GEQ,1984,0,0,0,0
GEQ,1988,0,0,0,0
GEQ,1992,0,0,0,0
GEQ,1996,0,0,0,0
GEQ,2000,0,0,0,0
GEQ,2004,0,0,0,0
GEQ,2008,0,0,0,0
GEQ,2012,0,0,0,0
GEQ,2016,0,0,0,0
GER,1896,2,5,25,142
GER,1900,11,20,14,141
GER,1904,7,5,4,42
GER,1906,6,10,14,106
GER,1908,6,11,4,59
GER,1912,23,19,11,135
GER,1928,41,15,21,191
GER,1932,7,26,10,135
GER,1936,61,70,93,736
GER,1952,26,14,0,68
GER,1956,23,20,9,128
GER,1960,22,33,34,291
GER,1964,50,44,22,292
GER,1992,60,57,81,636
GER,1996,47,35,42,362
GER,2000,64,23,31,288
GER,2004,63,45,41,403
GER,2008,41,16,42,299
GER,2012,22,27,45,328
GER,2016,67,43,49,441
GHA,1952,0,0,0,0
GHA,1960,0,1,0,3
GHA,1964,1,0,0,1
GHA,1968,0,0,0,0
GHA,1972,1,0,0,1
GHA,1984,0,0,0,0
GHA,1988,0,0,0,0
GHA,1992,20,0,0,20
GHA,1996,0,0,0,0
GHA,2000,0,0,0,0
GHA,2004,0,0,0,0
GHA,2008,0,0,0,0
GHA,2012,0,0,0,0
GHA,2016,0,0,0,0
GRE,1896,20,18,10,124
GRE,1900,0,0,0,0
GRE,1904,1,0,1,6
GRE,1906,30,48,24,294
GRE,1908,1,3,0,10
GRE,1912,1,0,1,6
GRE,1920,0,5,0,15
GRE,1924,0,0,1,5
GRE,1928,0,0,0,0
GRE,1932,0,0,0,0
GRE,1936,0,0,0,0
GRE,1948,0,0,0,0
GRE,1952,0,0,0,0
GRE,1956,1,0,0,1
GRE,1960,0,0,3,15
GRE,1964,0,0,0,0
GRE,1968,1,0,0,1
GRE,1972,0,2,0,6
GRE,1976,0,0,0,0
GRE,1980,4,0,1,9
GRE,1984,1,1,0,4
GRE,1988,1,0,0,1
GRE,1992,0,0,2,10
GRE,1996,0,4,4,32
GRE,2000,8,6,4,46
GRE,2004,5,18,8,99
GRE,2008,4,3,0,13
GRE,2012,3,0,0,3
GRE,2016,3,1,3,21
GRN,1984,0,0,0,0
GRN,1988,0,0,0,0
GRN,1992,0,0,0,0
GRN,1996,0,0,0,0
GRN,2000,0,0,0,0
GRN,2004,0,0,0,0
GRN,2008,0,0,0,0
GRN,2012,0,0,1,5
GRN,2016,0,1,0,3
GUA,1932,0,0,0,0
GUA,1952,0,0,0,0
GUA,1968,0,0,0,0
GUA,1972,0,0,0,0
GUA,1976,0,0,0,0
GUA,1980,0,0,0,0
GUA,1984,0,0,0,0
GUA,1988,0,0,0,0
GUA,1992,0,0,0,0
GUA,1996,0,0,0,0
GUA,2000,0,0,0,0
GUA,2004,0,0,0,0
GUA,2008,0,0,0,0
GUA,2012,0,1,0,3
GUA,2016,0,0,0,0
GUI,1968,0,0,0,0
GUI,1980,0,0,0,0
GUI,1984,0,0,0,0
GUI,1988,0,0,0,0
GUI,1992,0,0,0,0
GUI,1996,0,0,0,0
GUI,2000,0,0,0,0
GUI,2004,0,0,0,0
GUI,2008,0,0,0,0
GUI,2012,0,0,0,0
GUI,2016,0,0,0,0
GUM,1988,0,0,0,0
GUM,1992,0,0,0,0
GUM,1996,0,0,0,0
GUM,2000,0,0,0,0
GUM,2004,0,0,0,0
GUM,2008,0,0,0,0
GUM,2012,0,0,0,0
GUM,2016,0,0,0,0
GUY,1948,0,0,0,0
GUY,1952,0,0,0,0
GUY,1956,0,0,0,0
GUY,1960,0,0,0,0
GUY,1964,0,0,0,0
GUY,1968,0,0,0,0
GUY,1972,0,0,0,0
GUY,1980,1,0,0,1
GUY,1984,0,0,0,0
GUY,1988,0,0,0,0
GUY,1992,0,0,0,0
GUY,1996,0,0,0,0
GUY,2000,0,0,0,0
GUY,2004,0,0,0,0
GUY,2008,0,0,0,0
GUY,2012,0,0,0,0
GUY,2016,0,0,0,0
HAI,1900,0,0,1,5
HAI,1924,5,0,0,5
HAI,1928,0,1,0,3
HAI,1932,0,0,0,0
HAI,1960,0,0,0,0
HAI,1972,0,0,0,0
HAI,1976,0,0,0,0
HAI,1984,0,0,0,0
HAI,1988,0,0,0,0
HAI,1992,0,0,0,0
HAI,1996,0,0,0,0
HAI,2000,0,0,0,0
HAI,2004,0,0,0,0
HAI,2008,0,0,0,0
HAI,2012,0,0,0,0
HAI,2016,0,0,0,0
HKG,1952,0,0,0,0
HKG,1956,0,0,0,0
HKG,1960,0,0,0,0
HKG,1964,0,0,0,0
HKG,1968,0,0,0,0
HKG,1972,0,0,0,0
HKG,1976,0,0,0,0
HKG,1984,0,0,0,0
HKG,1988,0,0,0,0
HKG,1992,0,0,0,0
HKG,1996,0,0,1,5
HKG,2000,0,0,0,0
HKG,2004,0,2,0,6
HKG,2008,0,0,0,0
HKG,2012,1,0,0,1
HKG,2016,0,0,0,0
HON,1968,0,0,0,0
HON,1976,0,0,0,0
HON,1984,0,0,0,0
HON,1988,0,0,0,0
HON,1992,0,0,0,0
HON,1996,0,0,0,0
HON,2000,0,0,0,0
HON,2004,0,0,0,0
HON,2008,0,0,0,0
HON,2012,0,0,0,0
HON,2016,0,0,0,0
HUN,1896,3,1,2,16
HUN,1900,2,2,1,13
HUN,1904,1,1,2,14
HUN,1906,3,5,5,43
HUN,1908,6,7,7,62
HUN,1912,3,17,10,104
HUN,1924,8,12,2,54
HUN,1928,0,11,10,83
HUN,1932,8,5,20,123
HUN,1936,15,1,25,143
HUN,1948,22,25,15,172
HUN,1952,32,17,53,348
HUN,1956,14,20,30,224
HUN,1960,37,16,13,150
HUN,1964,7,7,42,238
HUN,1968,29,20,32,249
HUN,1972,25,46,10,213
HUN,1976,35,6,14,123
HUN,1980,40,13,8,119
HUN,1988,15,9,20,142
HUN,1992,8,23,14,147
HUN,1996,26,9,8,93
HUN,2000,4,24,25,201
HUN,2004,4,12,24,160
HUN,2008,3,8,16,107
HUN,2012,6,8,12,90
HUN,2016,7,3,12,76
INA,1952,0,0,0,0
INA,1956,0,0,0,0
INA,1960,0,0,0,0
INA,1968,0,0,0,0
INA,1972,0,0,0,0
INA,1976,0,0,0,0
INA,1984,0,0,0,0
INA,1988,0,3,0,9
INA,1992,1,3,2,20
INA,1996,3,1,2,16
INA,2000,2,4,2,24
INA,2004,3,1,1,11
INA,2008,3,2,2,19
INA,2012,1,1,0,4
INA,2016,0,2,2,16
IND,1900,0,2,0,6
IND,1920,0,0,0,0
IND,1924,0,0,0,0
IND,1928,0,0,14,70
IND,1932,0,0,15,75
IND,1936,0,0,19,95
IND,1948,0,0,20,100
IND,1952,1,0,14,71
IND,1956,0,0,17,85
IND,1960,0,13,0,39
IND,1964,0,0,15,75
IND,1968,16,0,0,16
IND,1972,14,0,0,14
IND,1976,0,0,0,0
IND,1980,0,0,16,80
IND,1984,0,0,0,0
IND,1988,0,0,0,0
IND,1992,0,0,0,0
IND,1996,1,0,0,1
IND,2000,1,0,0,1
IND,2004,0,1,0,3
IND,2008,2,0,1,7
IND,2012,4,2,0,10
IND,2016,1,1,0,4
IOA,1992,2,1,0,5
IOA,2000,0,0,0,0
IOA,2012,0,0,0,0
IOA,2016,1,0,1,6
IRI,1900,0,0,0,0
IRI,1948,1,0,0,1
IRI,1952,4,3,0,13
IRI,1956,1,2,2,17
IRI,1960,3,1,0,6
IRI,1964,2,0,0,2
IRI,1968,2,1,2,15
IRI,1972,1,2,0,7
IRI,1976,1,1,0,4
IRI,1988,0,1,0,3
IRI,1992,2,1,0,5
IRI,1996,1,1,1,9
IRI,2000,1,0,3,16
IRI,2004,2,2,2,18
IRI,2008,1,0,1,6
IRI,2012,3,5,4,38
IRI,2016,4,1,3,22
IRL,1924,1,1,0,4
IRL,1928,0,0,1,5
IRL,1932,0,0,2,10
IRL,1948,1,0,0,1
IRL,1952,0,1,0,3
IRL,1956,3,1,1,11
IRL,1960,0,0,0,0
IRL,1964,1,0,0,1
IRL,1968,0,0,0,0
IRL,1972,0,0,0,0
IRL,1976,0,0,0,0
IRL,1980,1,2,0,7
IRL,1984,0,1,0,3
IRL,1988,0,0,0,0
IRL,1992,0,1,1,8
IRL,1996,1,0,3,16
IRL,2000,0,1,0,3
IRL,2004,0,0,0,0
IRL,2008,2,1,0,5
IRL,2012,3,1,1,11
IRL,2016,0,3,0,9
IRQ,1948,0,0,0,0
IRQ,1960,1,0,0,1
IRQ,1964,0,0,0,0
IRQ,1968,0,0,0,0
IRQ,1980,0,0,0,0
IRQ,1984,0,0,0,0
IRQ,1988,0,0,0,0
IRQ,1992,0,0,0,0
IRQ,1996,0,0,0,0
IRQ,2000,0,0,0,0
IRQ,2004,0,0,0,0
IRQ,2008,0,0,0,0
IRQ,2012,0,0,0,0
IRQ,2016,0,0,0,0
ISL,1908,0,0,0,0
ISL,1912,0,0,0,0
ISL,1936,0,0,0,0
ISL,1948,0,0,0,0
ISL,1952,0,0,0,0
ISL,1956,0,1,0,3
ISL,1960,0,0,0,0
ISL,1964,0,0,0,0
ISL,1968,0,0,0,0
ISL,1972,0,0,0,0
ISL,1976,0,0,0,0
ISL,1980,0,0,0,0
ISL,1984,1,0,0,1
ISL,1988,0,0,0,0
ISL,1992,0,0,0,0
ISL,1996,0,0,0,0
ISL,2000,1,0,0,1
ISL,2004,0,0,0,0
ISL,2008,0,14,0,42
ISL,2012,0,0,0,0
ISL,2016,0,0,0,0
ISR,1952,0,0,0,0
ISR,1956,0,0,0,0
ISR,1960,0,0,0,0
ISR,1964,0,0,0,0
ISR,1968,0,0,0,0
ISR,1972,0,0,0,0
ISR,1976,0,0,0,0
ISR,1984,0,0,0,0
ISR,1988,0,0,0,0
ISR,1992,1,1,0,4
ISR,1996,1,0,0,1
ISR,2000,1,0,0,1
ISR,2004,1,0,1,6
ISR,2008,1,0,0,1
ISR,2012,0,0,0,0
ISR,2016,2,0,0,2
ISV,1968,0,0,0,0
ISV,1972,0,0,0,0
ISV,1976,0,0,0,0
ISV,1984,0,0,0,0
ISV,1988,0,1,0,3
ISV,1992,0,0,0,0
ISV,1996,0,0,0,0
ISV,2000,0,0,0,0
ISV,2004,0,0,0,0
ISV,2008,0,0,0,0
ISV,2012,0,0,0,0
ISV,2016,0,0,0,0
ITA,1896,0,0,0,0
ITA,1900,0,2,3,21
ITA,1904,0,0,0,0
ITA,1906,27,8,21,156
ITA,1908,0,6,2,28
ITA,1912,2,1,22,115
ITA,1920,8,9,67,370
ITA,1924,21,5,25,161
ITA,1928,26,22,24,212
ITA,1932,18,38,21,237
ITA,1936,5,34,37,292
ITA,1948,14,32,21,215
ITA,1952,15,22,17,166
ITA,1956,10,11,26,173
ITA,1960,34,18,36,268
ITA,1964,9,28,14,163
ITA,1968,20,8,5,69
ITA,1972,13,3,9,67
ITA,1976,4,25,2,89
ITA,1980,8,21,8,111
ITA,1984,28,6,29,191
ITA,1988,8,10,11,93
ITA,1992,14,10,21,149
ITA,1996,28,24,19,195
ITA,2000,29,14,22,181
ITA,2004,39,41,24,282
ITA,2008,20,14,8,102
ITA,2012,30,22,16,176
ITA,2016,24,40,8,184
IVB,1984,0,0,0,0
IVB,1988,0,0,0,0
IVB,1992,0,0,0,0
IVB,1996,0,0,0,0
IVB,2000,0,0,0,0
IVB,2004,0,0,0,0
IVB,2008,0,0,0,0
IVB,2012,0,0,0,0
IVB,2016,0,0,0,0
JAM,1948,0,2,1,11
JAM,1952,0,3,5,34
JAM,1956,0,0,0,0
JAM,1964,0,0,0,0
JAM,1968,0,1,0,3
JAM,1972,1,0,0,1
JAM,1976,0,1,1,8
JAM,1980,3,0,0,3
JAM,1984,2,5,0,17
JAM,1988,0,7,0,21
JAM,1992,1,3,0,10
JAM,1996,12,3,1,26
JAM,2000,3,20,0,63
JAM,2004,6,1,6,39
JAM,2008,6,3,5,40
JAM,2012,8,9,8,75
JAM,2016,2,17,11,108
JOR,1980,0,0,0,0
JOR,1984,0,0,0,0
JOR,1988,0,0,0,0
JOR,1992,0,0,0,0
JOR,1996,0,0,0,0
JOR,2000,0,0,0,0
JOR,2004,0,0,0,0
JOR,2008,0,0,0,0
JOR,2012,0,0,0,0
JOR,2016,0,0,1,5
JPN,1912,0,0,0,0
JPN,1920,0,3,0,9
JPN,1924,1,0,0,1
JPN,1928,1,6,2,29
JPN,1932,4,17,10,105
JPN,1936,10,4,9,67
JPN,1952,2,9,1,34
JPN,1956,5,15,4,70
JPN,1960,12,10,9,87
JPN,1964,25,5,32,200
JPN,1968,22,25,16,177
JPN,1972,8,19,29,210
JPN,1976,10,6,25,153
JPN,1984,31,8,10,105
JPN,1988,13,3,4,42
JPN,1992,36,8,3,75
JPN,1996,13,26,3,106
JPN,2000,8,31,5,126
JPN,2004,52,20,21,217
JPN,2008,13,15,23,173
JPN,2012,33,44,7,200
JPN,2016,34,13,17,158
KAZ,1996,4,4,3,31
KAZ,2000,0,4,3,27
KAZ,2004,3,4,1,20
KAZ,2008,7,4,2,29
KAZ,2012,5,1,7,43
KAZ,2016,10,5,3,40
KEN,1956,0,0,0,0
KEN,1960,0,0,0,0
KEN,1964,1,0,0,1
KEN,1968,2,7,3,38
KEN,1972,4,3,5,38
KEN,1984,2,0,1,7
KEN,1988,2,2,5,33
KEN,1992,2,4,2,24
KEN,1996,3,4,1,20
KEN,2000,2,3,2,21
KEN,2004,2,4,1,19
KEN,2008,5,4,6,47
KEN,2012,5,4,2,27
KEN,2016,1,6,6,49
KGZ,1996,0,0,0,0
KGZ,2000,1,0,0,1
KGZ,2004,0,0,0,0
KGZ,2008,1,1,0,4
KGZ,2012,0,0,0,0
KGZ,2016,0,0,0,0
KIR,2004,0,0,0,0
KIR,2008,0,0,0,0
KIR,2012,0,0,0,0
KIR,2016,0,0,0,0
KOR,1948,2,0,0,2
KOR,1952,2,0,0,2
KOR,1956,1,1,0,4
KOR,1960,0,0,0,0
KOR,1964,1,2,0,7
KOR,1968,1,1,0,4
KOR,1972,0,1,0,3
KOR,1976,15,1,1,23
KOR,1984,7,28,6,121
KOR,1988,12,37,28,263
KOR,1992,16,5,28,171
KOR,1996,7,49,10,204
KOR,2000,35,26,12,173
KOR,2004,10,28,14,164
KOR,2008,26,11,41,264
KOR,2012,30,13,18,159
KOR,2016,10,3,13,84
KOS,2016,0,0,1,5
KSA,1972,0,0,0,0
KSA,1976,0,0,0,0
KSA,1984,0,0,0,0
KSA,1988,0,0,0,0
KSA,1992,0,0,0,0
KSA,1996,0,0,0,0
KSA,2000,1,1,0,4
KSA,2004,0,0,0,0
KSA,2008,0,0,0,0
KSA,2012,4,0,0,4
KSA,2016,0,0,0,0
KUW,1968,0,0,0,0
KUW,1972,0,0,0,0
KUW,1976,0,0,0,0
KUW,1980,0,0,0,0
KUW,1984,0,0,0,0
KUW,1988,0,0,0,0
KUW,1992,0,0,0,0
KUW,1996,0,0,0,0
KUW,2000,1,0,0,1
KUW,2004,0,0,0,0
KUW,2008,0,0,0,0
KUW,2012,1,0,0,1
LAO,1980,0,0,0,0
LAO,1988,0,0,0,0
LAO,1992,0,0,0,0
LAO,1996,0,0,0,0
LAO,2000,0,0,0,0
LAO,2004,0,0,0,0
LAO,2008,0,0,0,0
LAO,2012,0,0,0,0
LAO,2016,0,0,0,0
LAT,1924,0,0,0,0
LAT,1928,0,0,0,0
LAT,1932,0,1,0,3
LAT,1936,1,1,0,4
LAT,1992,1,2,0,7
LAT,1996,0,1,0,3
LAT,2000,1,1,1,9
LAT,2004,0,4,0,12
LAT,2008,1,1,1,9
LAT,2012,2,0,1,7
LAT,2016,0,0,0,0
LBA,1968,0,0,0,0
LBA,1980,0,0,0,0
LBA,1988,0,0,0,0
LBA,1992,0,0,0,0
LBA,1996,0,0,0,0
LBA,2000,0,0,0,0
LBA,2004,0,0,0,0
LBA,2008,0,0,0,0
LBA,2012,0,0,0,0
LBA,2016,0,0,0,0
LBR,1956,0,0,0,0
LBR,1960,0,0,0,0
LBR,1964,0,0,0,0
LBR,1972,0,0,0,0
LBR,1984,0,0,0,0
LBR,1988,0,0,0,0
LBR,1996,0,0,0,0
LBR,2000,0,0,0,0
LBR,2004,0,0,0,0
LBR,2008,0,0,0,0
LBR,2012,0,0,0,0
LBR,2016,0,0,0,0
LCA,1996,0,0,0,0
LCA,2000,0,0,0,0
LCA,2004,0,0,0,0
LCA,2008,0,0,0,0
LCA,2012,0,0,0,0
LCA,2016,0,0,0,0
LES,1972,0,0,0,0
LES,1980,0,0,0,0
LES,1984,0,0,0,0
LES,1988,0,0,0,0
LES,1992,0,0,0,0
LES,1996,0,0,0,0
LES,2000,0,0,0,0
LES,2004,0,0,0,0
LES,2008,0,0,0,0
LES,2012,0,0,0,0
LES,2016,0,0,0,0
LIB,1948,0,0,0,0
LIB,1952,1,1,0,4
LIB,1960,0,0,0,0
LIB,1964,0,0,0,0
LIB,1968,0,0,0,0
LIB,1972,0,1,0,3
LIB,1976,0,0,0,0
LIB,1980,1,0,0,1
LIB,1984,0,0,0,0
LIB,1988,0,0,0,0
LIB,1992,0,0,0,0
LIB,1996,0,0,0,0
LIB,2000,0,0,0,0
LIB,2004,0,0,0,0
LIB,2008,0,0,0,0
LIB,2012,0,0,0,0
LIB,2016,0,0,0,0
LIE,1936,0,0,0,0
LIE,1948,0,0,0,0
LIE,1952,0,0,0,0
LIE,1960,0,0,0,0
LIE,1964,0,0,0,0
LIE,1968,0,0,0,0
LIE,1972,0,0,0,0
LIE,1976,0,0,0,0
LIE,1984,0,0,0,0
LIE,1988,0,0,0,0
LIE,1992,0,0,0,0
LIE,1996,0,0,0,0
LIE,2000,0,0,0,0
LIE,2004,0,0,0,0
LIE,2008,0,0,0,0
LIE,2012,0,0,0,0
LIE,2016,0,0,0,0
LTU,1924,0,0,0,0
LTU,1928,0,0,0,0
LTU,1992,12,0,1,17
LTU,1996,11,0,0,11
LTU,2000,15,0,2,25
LTU,2004,0,2,1,11
LTU,2008,3,2,0,9
LTU,2012,2,1,2,15
LTU,2016,5,2,0,11
LUX,1900,0,0,1,5
LUX,1912,0,0,0,0
LUX,1920,0,1,0,3
LUX,1924,0,1,1,8
LUX,1928,0,0,1,5
LUX,1932,0,0,0,0
LUX,1936,0,0,0,0
LUX,1948,0,0,0,0
LUX,1952,0,0,1,5
LUX,1956,0,0,0,0
LUX,1960,0,0,0,0
LUX,1964,0,0,0,0
LUX,1968,0,0,0,0
LUX,1972,0,0,0,0
LUX,1976,0,0,0,0
LUX,1980,0,0,0,0
LUX,1984,0,0,0,0
LUX,1988,0,0,0,0
LUX,1992,0,0,0,0
LUX,1996,0,0,0,0
LUX,2000,0,0,0,0
LUX,2004,0,0,0,0
LUX,2008,0,0,0,0
LUX,2012,0,0,0,0
LUX,2016,0,0,0,0
MAD,1964,0,0,0,0
MAD,1968,0,0,0,0
MAD,1972,0,0,0,0
MAD,1980,0,0,0,0
MAD,1984,0,0,0,0
MAD,1992,0,0,0,0
MAD,1996,0,0,0,0
MAD,2000,0,0,0,0
MAD,2004,0,0,0,0
MAD,2008,0,0,0,0
MAD,2012,0,0,0,0
MAD,2016,0,0,0,0
MAL,1956,0,0,0,0
MAL,1960,0,0,0,0
MAR,1960,0,1,0,3
MAR,1964,0,0,0,0
MAR,1968,0,0,0,0
MAR,1972,0,0,0,0
MAR,1976,0,0,0,0
MAR,1984,0,0,2,10
MAR,1988,2,0,1,7
MAR,1992,1,1,1,9
MAR,1996,2,0,0,2
MAR,2000,4,1,0,7
MAR,2004,0,1,2,13
MAR,2008,1,1,0,4
MAR,2012,1,0,0,1
MAR,2016,1,0,0,1
MAS,1964,0,0,0,0
MAS,1968,0,0,0,0
MAS,1972,0,0,0,0
MAS,1976,0,0,0,0
MAS,1984,0,0,0,0
MAS,1988,0,0,0,0
MAS,1992,2,0,0,2
MAS,1996,1,2,0,7
MAS,2000,0,0,0,0
MAS,2004,0,0,0,0
MAS,2008,0,1,0,3
MAS,2012,1,1,0,4
MAS,2016,1,7,0,22
MAW,1972,0,0,0,0
MAW,1984,0,0,0,0
MAW,1988,0,0,0,0
MAW,1992,0,0,0,0
MAW,1996,0,0,0,0
MAW,2000,0,0,0,0
MAW,2004,0,0,0,0
MAW,2008,0,0,0,0
MAW,2012,0,0,0,0
MAW,2016,0,0,0,0
MDA,1996,1,2,0,7
MDA,2000,1,1,0,4
MDA,2004,0,0,0,0
MDA,2008,1,0,0,1
MDA,2012,2,0,0,2
MDA,2016,0,0,0,0
MDV,1988,0,0,0,0
MDV,1992,0,0,0,0
MDV,1996,0,0,0,0
MDV,2000,0,0,0,0
MDV,2004,0,0,0,0
MDV,2008,0,0,0,0
MDV,2012,0,0,0,0
MDV,2016,0,0,0,0
MEX,1900,3,0,0,3
MEX,1924,0,0,0,0
MEX,1928,0,0,0,0
MEX,1932,0,2,0,6
MEX,1936,16,0,0,16
MEX,1948,4,1,4,27
MEX,1952,0,1,0,3
MEX,1956,1,0,1,6
MEX,1960,1,0,0,1
MEX,1964,1,0,0,1
MEX,1968,3,3,3,27
MEX,1972,0,1,0,3
MEX,1976,1,0,1,6
MEX,1980,9,1,0,12
MEX,1984,1,3,2,20
MEX,1988,2,0,0,2
MEX,1992,0,1,0,3
MEX,1996,1,0,0,1
MEX,2000,3,2,1,14
MEX,2004,1,3,0,10
MEX,2008,2,0,2,12
MEX,2012,3,5,16,98
MEX,2016,2,3,0,11
MGL,1964,0,0,0,0
MGL,1968,3,1,0,6
MGL,1972,0,1,0,3
MGL,1976,0,1,0,3
MGL,1980,2,2,0,8
MGL,1988,1,0,0,1
MGL,1992,2,0,0,2
MGL,1996,1,0,0,1
MGL,2000,0,0,0,0
MGL,2004,1,0,0,1
MGL,2008,0,2,2,16
MGL,2012,3,2,0,9
MGL,2016,1,1,0,4
MHL,2008,0,0,0,0
MHL,2012,0,0,0,0
MHL,2016,0,0,0,0
MKD,1996,0,0,0,0
MKD,2000,1,0,0,1
MKD,2004,0,0,0,0
MKD,2008,0,0,0,0
MKD,2012,0,0,0,0
MKD,2016,0,0,0,0
MLI,1964,0,0,0,0
MLI,1968,0,0,0,0
MLI,1972,0,0,0,0
MLI,1980,0,0,0,0
MLI,1984,0,0,0,0
MLI,1988,0,0,0,0
MLI,1992,0,0,0,0
MLI,1996,0,0,0,0
MLI,2000,0,0,0,0
MLI,2004,0,0,0,0
MLI,2008,0,0,0,0
MLI,2012,0,0,0,0
MLI,2016,0,0,0,0
MLT,1928,0,0,0,0
MLT,1936,0,0,0,0
MLT,1948,0,0,0,0
MLT,1960,0,0,0,0
MLT,1968,0,0,0,0
MLT,1972,0,0,0,0
MLT,1980,0,0,0,0
MLT,1984,0,0,0,0
MLT,1988,0,0,0,0
MLT,1992,0,0,0,0
MLT,1996,0,0,0,0
MLT,2000,0,0,0,0
MLT,2004,0,0,0,0
MLT,2008,0,0,0,0
MLT,2012,0,0,0,0
MLT,2016,0,0,0,0
MNE,2008,0,0,0,0
MNE,2012,0,14,0,42
MNE,2016,0,0,0,0
MON,1920,0,0,0,0
MON,1924,1,0,0,1
MON,1928,0,0,0,0
MON,1932,0,0,0,0
MON,1936,0,0,0,0
MON,1948,0,0,0,0
MON,1952,0,0,0,0
MON,1960,0,0,0,0
MON,1964,0,0,0,0
MON,1968,0,0,0,0
MON,1972,0,0,0,0
MON,1976,0,0,0,0
MON,1984,0,0,0,0
MON,1988,0,0,0,0
MON,1992,0,0,0,0
MON,1996,0,0,0,0
MON,2000,0,0,0,0
MON,2004,0,0,0,0
MON,2008,0,0,0,0
MON,2012,0,0,0,0
MON,2016,0,0,0,0
MOZ,1980,0,0,0,0
MOZ,1984,0,0,0,0
MOZ,1988,0,0,0,0
MOZ,1992,0,0,0,0
MOZ,1996,1,0,0,1
MOZ,2000,0,0,1,5
MOZ,2004,0,0,0,0
MOZ,2008,0,0,0,0
MOZ,2012,0,0,0,0
MOZ,2016,0,0,0,0
MRI,1984,0,0,0,0
MRI,1988,0,0,0,0
MRI,1992,0,0,0,0
MRI,1996,0,0,0,0
MRI,2000,0,0,0,0
MRI,2004,0,0,0,0
MRI,2008,1,0,0,1
MRI,2012,0,0,0,0
MRI,2016,0,0,0,0
MTN,1984,0,0,0,0
MTN,1988,0,0,0,0
MTN,1992,0,0,0,0
MTN,1996,0,0,0,0
MTN,2000,0,0,0,0
MTN,2004,0,0,0,0
MTN,2008,0,0,0,0
MTN,2012,0,0,0,0
MTN,2016,0,0,0,0
MYA,1948,0,0,0,0
MYA,1952,0,0,0,0
MYA,1956,0,0,0,0
MYA,1960,0,0,0,0
MYA,1964,0,0,0,0
MYA,1968,0,0,0,0
MYA,1972,0,0,0,0
MYA,1980,0,0,0,0
MYA,1984,0,0,0,0
MYA,1988,0,0,0,0
MYA,1992,0,0,0,0
MYA,1996,0,0,0,0
MYA,2000,0,0,0,0
MYA,2004,0,0,0,0
MYA,2008,0,0,0,0
MYA,2012,0,0,0,0
MYA,2016,0,0,0,0
NAM,1992,0,2,0,6
NAM,1996,0,2,0,6
NAM,2000,0,0,0,0
NAM,2004,0,0,0,0
NAM,2008,0,0,0,0
NAM,2012,0,0,0,0
NAM,2016,0,0,0,0
NBO,1956,0,0,0,0
NCA,1968,0,0,0,0
NCA,1972,0,0,0,0
NCA,1976,0,0,0,0
NCA,1980,0,0,0,0
NCA,1984,0,0,0,0
NCA,1992,0,0,0,0
NCA,1996,0,0,0,0
NCA,2000,0,0,0,0
NCA,2004,0,0,0,0
NCA,2008,0,0,0,0
NCA,2012,0,0,0,0
NCA,2016,0,0,0,0
NED,1900,16,8,3,55
NED,1906,5,1,0,8
NED,1908,16,0,0,16
NED,1912,26,0,0,26
NED,1920,25,10,15,130
NED,1924,18,1,8,61
NED,1928,8,29,20,195
NED,1932,1,10,2,41
NED,1936,21,7,9,87
NED,1948,32,2,8,78
NED,1952,0,18,0,54
NED,1956,0,0,0,0
NED,1960,2,1,0,5
NED,1964,16,10,5,71
NED,1968,1,7,6,52
NED,1972,2,1,3,20
NED,1976,12,2,0,18
NED,1980,5,1,0,8
NED,1984,14,7,20,135
NED,1988,36,6,3,69
NED,1992,8,20,5,93
NED,1996,26,9,38,243
NED,2000,23,29,27,245
NED,2004,22,51,4,195
NED,2008,4,18,39,253
NED,2012,19,29,21,211
NED,2016,13,25,9,133
NEP,1964,0,0,0,0
NEP,1972,0,0,0,0
NEP,1976,0,0,0,0
NEP,1980,0,0,0,0
NEP,1984,0,0,0,0
NEP,1988,0,0,0,0
NEP,1992,0,0,0,0
NEP,1996,0,0,0,0
NEP,2000,0,0,0,0
NEP,2004,0,0,0,0
NEP,2008,0,0,0,0
NEP,2012,0,0,0,0
NEP,2016,0,0,0,0
NFL,1904,0,0,0,0
NGR,1952,0,0,0,0
NGR,1956,0,0,0,0
NGR,1960,0,0,0,0
NGR,1964,1,0,0,1
NGR,1968,0,0,0,0
NGR,1972,1,0,0,1
NGR,1980,0,0,0,0
NGR,1984,4,1,0,7
NGR,1988,0,0,0,0
NGR,1992,4,7,0,25
NGR,1996,3,4,17,100
NGR,2000,0,2,6,36
NGR,2004,8,0,0,8
NGR,2008,7,16,0,55
NGR,2012,0,0,0,0
NGR,2016,18,0,0,18
NIG,1964,0,0,0,0
NIG,1968,0,0,0,0
NIG,1972,1,0,0,1
NIG,1984,0,0,0,0
NIG,1988,0,0,0,0
NIG,1992,0,0,0,0
NIG,1996,0,0,0,0
NIG,2000,0,0,0,0
NIG,2004,0,0,0,0
NIG,2008,0,0,0,0
NIG,2012,0,0,0,0
NIG,2016,0,1,0,3
NOR,1900,3,6,0,21
NOR,1904,0,0,2,10
NOR,1906,0,5,20,115
NOR,1908,3,32,7,134
NOR,1912,34,6,40,252
NOR,1920,27,52,58,473
NOR,1924,3,5,14,88
NOR,1928,1,4,4,33
NOR,1932,0,0,0,0
NOR,1936,15,12,1,56
NOR,1948,11,4,3,38
NOR,1952,0,8,5,49
NOR,1956,2,0,1,7
NOR,1960,0,0,2,10
NOR,1964,0,0,0,0
NOR,1968,0,2,4,26
NOR,1972,4,2,2,20
NOR,1976,0,4,2,22
NOR,1984,3,1,0,6
NOR,1988,0,20,2,70
NOR,1992,1,20,2,71
NOR,1996,18,3,2,37
NOR,2000,19,4,20,131
NOR,2004,2,0,5,27
NOR,2008,1,5,16,96
NOR,2012,1,1,15,79
NOR,2016,19,0,0,19
NRU,1996,0,0,0,0
NRU,2000,0,0,0,0
NRU,2004,0,0,0,0
NRU,2008,0,0,0,0
NRU,2012,0,0,0,0
NRU,2016,0,0,0,0
NZL,1900,0,0,1,5
NZL,1920,1,0,0,1
NZL,1924,1,0,0,1
NZL,1928,0,0,1,5
NZL,1932,0,2,0,6
NZL,1936,0,0,1,5
NZL,1948,0,0,0,0
NZL,1952,2,0,1,7
NZL,1956,0,0,3,15
NZL,1960,1,0,2,11
NZL,1964,2,0,4,22
NZL,1968,2,0,5,27
NZL,1972,1,4,9,58
NZL,1976,9,1,15,87
NZL,1980,0,0,0,0
NZL,1984,6,1,16,89
NZL,1988,16,4,4,48
NZL,1992,5,9,1,37
NZL,1996,4,2,3,25
NZL,2000,3,0,1,8
NZL,2004,0,2,4,26
NZL,2008,9,2,4,35
NZL,2012,15,3,9,69
NZL,2016,5,25,6,110
OMA,1984,0,0,0,0
OMA,1988,0,0,0,0
OMA,1992,0,0,0,0
OMA,1996,0,0,0,0
OMA,2000,0,0,0,0
OMA,2004,0,0,0,0
OMA,2008,0,0,0,0
OMA,2012,0,0,0,0
OMA,2016,0,0,0,0
PAK,1948,0,0,0,0
PAK,1952,0,0,0,0
PAK,1956,0,14,0,42
PAK,1960,1,0,13,66
PAK,1964,0,16,0,48
PAK,1968,0,0,13,65
PAK,1972,0,15,0,45
PAK,1976,16,0,0,16
PAK,1984,0,0,16,80
PAK,1988,1,0,0,1
PAK,1992,16,0,0,16
PAK,1996,0,0,0,0
PAK,2000,0,0,0,0
PAK,2004,0,0,0,0
PAK,2008,0,0,0,0
PAK,2012,0,0,0,0
PAK,2016,0,0,0,0
PAN,1928,0,0,0,0
PAN,1948,2,0,0,2
PAN,1952,0,0,0,0
PAN,1960,0,0,0,0
PAN,1964,0,0,0,0
PAN,1968,0,0,0,0
PAN,1972,0,0,0,0
PAN,1976,0,0,0,0
PAN,1984,0,0,0,0
PAN,1988,0,0,0,0
PAN,1992,0,0,0,0
PAN,1996,0,0,0,0
PAN,2000,0,0,0,0
PAN,2004,0,0,0,0
PAN,2008,0,0,1,5
PAN,2012,0,0,0,0
PAN,2016,0,0,0,0
PAR,1968,0,0,0,0
PAR,1972,0,0,0,0
PAR,1976,0,0,0,0
PAR,1984,0,0,0,0
PAR,1988,0,0,0,0
PAR,1992,0,0,0,0
PAR,1996,0,0,0,0
PAR,2000,0,0,0,0
PAR,2004,0,17,0,51
PAR,2008,0,0,0,0
PAR,2012,0,0,0,0
PAR,2016,0,0,0,0
PER,1900,0,0,0,0
PER,1932,0,0,0,0
PER,1936,0,0,0,0
PER,1948,0,0,1,5
PER,1956,0,0,0,0
PER,1960,0,0,0,0
PER,1964,0,0,0,0
PER,1968,0,0,0,0
PER,1972,0,0,0,0
PER,1976,0,0,0,0
PER,1980,0,0,0,0
PER,1984,0,1,0,3
PER,1988,0,12,0,36
PER,1992,0,1,0,3
PER,1996,0,0,0,0
PER,2000,0,0,0,0
PER,2004,0,0,0,0
PER,2008,0,0,0,0
PER,2012,0,0,0,0
PER,2016,0,0,0,0
PHI,1924,0,0,0,0
PHI,1928,1,0,0,1
PHI,1932,3,0,0,3
PHI,1936,1,0,0,1
PHI,1948,0,0,0,0
PHI,1952,0,0,0,0
PHI,1956,0,0,0,0
PHI,1960,0,0,0,0
PHI,1964,0,1,0,3
PHI,1968,0,0,0,0
PHI,1972,0,0,0,0
PHI,1976,0,0,0,0
PHI,1984,0,0,0,0
PHI,1988,1,0,0,1
PHI,1992,1,0,0,1
PHI,1996,0,1,0,3
PHI,2000,0,0,0,0
PHI,2004,0,0,0,0
PHI,2008,0,0,0,0
PHI,2012,0,0,0,0
PHI,2016,0,1,0,3
PLE,1996,0,0,0,0
PLE,2000,0,0,0,0
PLE,2004,0,0,0,0
PLE,2008,0,0,0,0
PLE,2012,0,0,0,0
PLE,2016,0,0,0,0
PLW,2000,0,0,0,0
PLW,2004,0,0,0,0
PLW,2008,0,0,0,0
PLW,2012,0,0,0,0
PLW,2016,0,0,0,0
PNG,1976,0,0,0,0
PNG,1984,0,0,0,0
PNG,1988,0,0,0,0
PNG,1992,0,0,0,0
PNG,1996,0,0,0,0
PNG,2000,0,0,0,0
PNG,2004,0,0,0,0
PNG,2008,0,0,0,0
PNG,2012,0,0,0,0
PNG,2016,0,0,0,0
POL,1912,0,0,0,0
POL,1924,1,4,0,13
POL,1928,15,3,2,34
POL,1932,14,4,3,41
POL,1936,6,6,0,24
POL,1948,1,0,1,6
POL,1952,1,2,1,12
POL,1956,9,9,1,41
POL,1960,15,11,4,68
POL,1964,23,13,10,112
POL,1968,30,2,5,61
POL,1972,11,8,27,170
POL,1976,26,29,18,203
POL,1980,22,25,3,112
POL,1988,10,9,2,47
POL,1992,19,22,5,110
POL,1996,7,8,7,66
POL,2000,7,10,7,72
POL,2004,6,2,4,32
POL,2008,1,13,6,70
POL,2012,8,2,2,24
POL,2016,10,3,3,34
POR,1912,0,0,0,0
POR,1920,0,0,0,0
POR,1924,4,0,0,4
POR,1928,6,0,0,6
POR,1932,0,0,0,0
POR,1936,3,0,0,3
POR,1948,3,2,0,9
POR,1952,2,0,0,2
POR,1956,0,0,0,0
POR,1960,0,2,0,6
POR,1964,0,0,0,0
POR,1968,0,0,0,0
POR,1972,0,0,0,0
POR,1976,0,2,0,6
POR,1980,0,0,0,0
POR,1984,2,0,1,7
POR,1988,0,0,1,5
POR,1992,0,0,0,0
POR,1996,2,0,1,7
POR,2000,2,0,0,2
POR,2004,1,2,0,7
POR,2008,0,1,1,8
POR,2012,0,2,0,6
POR,2016,1,0,0,1
PRK,1972,13,1,1,21
PRK,1976,0,1,1,8
PRK,1980,2,3,0,11
PRK,1992,6,0,4,26
PRK,1996,2,1,2,15
PRK,2000,3,1,0,6
PRK,2004,1,4,0,13
PRK,2008,3,1,2,16
PRK,2012,2,0,4,22
PRK,2016,2,3,2,21
PUR,1948,1,0,0,1
PUR,1952,0,0,0,0
PUR,1956,0,0,0,0
PUR,1960,0,0,0,0
PUR,1964,0,0,0,0
PUR,1968,0,0,0,0
PUR,1972,0,0,0,0
PUR,1976,1,0,0,1
PUR,1980,0,0,0,0
PUR,1984,1,1,0,4
PUR,1988,0,0,0,0
PUR,1992,1,0,0,1
PUR,1996,1,0,0,1
PUR,2000,0,0,0,0
PUR,2004,0,0,0,0
PUR,2008,0,0,0,0
PUR,2012,1,1,0,4
PUR,2016,0,0,1,5
QAT,1984,0,0,0,0
QAT,1988,0,0,0,0
QAT,1992,1,0,0,1
QAT,1996,0,0,0,0
QAT,2000,1,0,0,1
QAT,2004,0,0,0,0
QAT,2008,0,0,0,0
QAT,2012,2,0,0,2
QAT,2016,0,1,0,3
RHO,1960,0,0,0,0
ROT,2016,0,0,0,0
ROU,1900,0,0,0,0
ROU,1924,16,0,0,16
ROU,1928,0,0,0,0
ROU,1932,0,0,0,0
ROU,1936,0,1,0,3
ROU,1952,2,1,1,10
ROU,1956,10,3,6,49
ROU,1960,11,1,3,29
ROU,1964,10,4,2,32
ROU,1968,9,9,5,61
ROU,1972,27,10,3,72
ROU,1976,23,28,4,127
ROU,1980,46,15,7,126
ROU,1984,35,31,40,328
ROU,1988,16,34,8,158
ROU,1992,14,31,8,147
ROU,1996,15,10,13,110
ROU,2000,13,6,27,166
ROU,2004,11,5,23,141
ROU,2008,16,1,5,44
ROU,2012,6,8,2,40
ROU,2016,10,2,4,36
RSA,1904,0,0,0,0
RSA,1908,0,1,1,8
RSA,1912,0,2,5,31
RSA,1920,6,12,3,57
RSA,1924,1,1,1,9
RSA,1928,5,0,1,10
RSA,1932,3,0,2,13
RSA,1936,0,1,0,3
RSA,1948,2,2,2,18
RSA,1952,4,8,2,38
RSA,1956,7,0,0,7
RSA,1960,2,1,0,5
RSA,1992,0,3,0,9
RSA,1996,1,1,3,19
RSA,2000,3,2,0,9
RSA,2004,3,3,4,32
RSA,2008,0,1,0,3
RSA,2012,1,2,6,37
RSA,2016,14,7,2,45
RUS,1900,0,0,0,0
RUS,1908,0,2,1,11
RUS,1912,9,5,0,24
RUS,1924,0,0,0,0
RUS,1996,34,45,36,349
RUS,2000,54,67,66,585
RUS,2004,95,46,48,473
RUS,2008,53,46,43,406
RUS,2012,51,39,50,418
RUS,2016,35,28,52,379
RWA,1984,0,0,0,0
RWA,1988,0,0,0,0
RWA,1992,0,0,0,0
RWA,1996,0,0,0,0
RWA,2000,0,0,0,0
RWA,2004,0,0,0,0
RWA,2008,0,0,0,0
RWA,2012,0,0,0,0
RWA,2016,0,0,0,0
SAA,1952,0,0,0,0
SAM,1984,0,0,0,0
SAM,1988,0,0,0,0
SAM,1992,0,0,0,0
SAM,1996,0,0,0,0
SAM,2000,0,0,0,0
SAM,2004,0,0,0,0
SAM,2008,0,0,0,0
SAM,2012,0,0,0,0
SAM,2016,0,0,0,0
SCG,1996,13,12,1,54
SCG,2000,13,1,11,71
SCG,2004,0,13,0,39
SEN,1964,0,0,0,0
SEN,1968,0,0,0,0
SEN,1972,0,0,0,0
SEN,1976,0,0,0,0
SEN,1980,0,0,0,0
SEN,1984,0,0,0,0
SEN,1988,0,1,0,3
SEN,1992,0,0,0,0
SEN,1996,0,0,0,0
SEN,2000,0,0,0,0
SEN,2004,0,0,0,0
SEN,2008,0,0,0,0
SEN,2012,0,0,0,0
SEN,2016,0,0,0,0
SEY,1980,0,0,0,0
SEY,1984,0,0,0,0
SEY,1992,0,0,0,0
SEY,1996,0,0,0,0
SEY,2000,0,0,0,0
SEY,2004,0,0,0,0
SEY,2008,0,0,0,0
SEY,2012,0,0,0,0
SEY,2016,0,0,0,0
SGP,1948,0,0,0,0
SGP,1952,0,0,0,0
SGP,1956,0,0,0,0
SGP,1960,0,1,0,3
SGP,1968,0,0,0,0
SGP,1972,0,0,0,0
SGP,1976,0,0,0,0
SGP,1984,0,0,0,0
SGP,1988,0,0,0,0
SGP,1992,0,0,0,0
SGP,1996,0,0,0,0
SGP,2000,0,0,0,0
SGP,2004,0,0,0,0
SGP,2008,0,3,0,9
SGP,2012,4,0,0,4
SGP,2016,0,0,1,5
SKN,1996,0,0,0,0
SKN,2000,0,0,0,0
SKN,2004,0,0,0,0
SKN,2008,0,0,0,0
SKN,2012,0,0,0,0
SKN,2016,0,0,0,0
SLE,1968,0,0,0,0
SLE,1980,0,0,0,0
SLE,1984,0,0,0,0
SLE,1988,0,0,0,0
SLE,1992,0,0,0,0
SLE,1996,0,0,0,0
SLE,2000,0,0,0,0
SLE,2004,0,0,0,0
SLE,2008,0,0,0,0
SLE,2012,0,0,0,0
SLE,2016,0,0,0,0
SLO,1992,6,0,0,6
SLO,1996,0,2,0,6
SLO,2000,0,0,3,15
SLO,2004,3,2,0,9
SLO,2008,2,2,1,13
SLO,2012,3,1,1,11
SLO,2016,1,2,1,12
SMR,1960,0,0,0,0
SMR,1968,0,0,0,0
SMR,1972,0,0,0,0
SMR,1976,0,0,0,0
SMR,1980,0,0,0,0
SMR,1984,0,0,0,0
SMR,1988,0,0,0,0
SMR,1992,0,0,0,0
SMR,1996,0,0,0,0
SMR,2000,0,0,0,0
SMR,2004,0,0,0,0
SMR,2008,0,0,0,0
SMR,2012,0,0,0,0
SMR,2016,0,0,0,0
SOL,1984,0,0,0,0
SOL,1988,0,0,0,0
SOL,1992,0,0,0,0
SOL,1996,0,0,0,0
SOL,2000,0,0,0,0
SOL,2004,0,0,0,0
SOL,2008,0,0,0,0
SOL,2012,0,0,0,0
SOL,2016,0,0,0,0
SOM,1972,0,0,0,0
SOM,1984,0,0,0,0
SOM,1988,0,0,0,0
SOM,1996,0,0,0,0
SOM,2000,0,0,0,0
SOM,2004,0,0,0,0
SOM,2008,0,0,0,0
SOM,2012,0,0,0,0
SOM,2016,0,0,0,0
SRB,1912,0,0,0,0
SRB,2008,14,1,0,17
SRB,2012,14,1,1,22
SRB,2016,13,27,14,164
SRI,1948,0,1,0,3
SRI,1952,0,0,0,0
SRI,1956,0,0,0,0
SRI,1960,0,0,0,0
SRI,1964,0,0,0,0
SRI,1968,0,0,0,0
SRI,1972,0,0,0,0
SRI,1980,0,0,0,0
SRI,1984,0,0,0,0
SRI,1988,0,0,0,0
SRI,1992,0,0,0,0
SRI,1996,0,0,0,0
SRI,2000,0,1,0,3
SRI,2004,0,0,0,0
SRI,2008,0,0,0,0
SRI,2012,0,0,0,0
SRI,2016,0,0,0,0
SSD,2016,0,0,0,0
STP,1996,0,0,0,0
STP,2000,0,0,0,0
STP,2004,0,0,0,0
STP,2008,0,0,0,0
STP,2012,0,0,0,0
STP,2016,0,0,0,0
SUD,1960,0,0,0,0
SUD,1968,0,0,0,0
SUD,1972,0,0,0,0
SUD,1984,0,0,0,0
SUD,1988,0,0,0,0
SUD,1992,0,0,0,0
SUD,1996,0,0,0,0
SUD,2000,0,0,0,0
SUD,2004,0,0,0,0
SUD,2008,0,1,0,3
SUD,2012,0,0,0,0
SUD,2016,0,0,0,0
SUI,1896,0,2,1,11
SUI,1900,1,4,16,93
SUI,1904,2,0,1,7
SUI,1906,1,3,8,50
SUI,1908,0,0,0,0
SUI,1912,0,0,2,10
SUI,1920,21,2,6,57
SUI,1924,21,25,14,166
SUI,1928,4,10,16,114
SUI,1932,0,1,0,3
SUI,1936,24,23,5,118
SUI,1948,6,25,5,106
SUI,1952,12,19,2,79
SUI,1956,3,0,0,3
SUI,1960,6,6,0,24
SUI,1964,1,4,1,18
SUI,1968,10,3,0,19
SUI,1972,0,8,0,24
SUI,1976,6,3,1,20
SUI,1980,0,0,2,10
SUI,1984,4,9,0,31
SUI,1988,2,6,0,20
SUI,1992,0,0,1,5
SUI,1996,0,6,5,43
SUI,2000,2,11,1,40
SUI,2004,4,2,1,15
SUI,2008,7,1,3,25
SUI,2012,0,2,2,16
SUI,2016,2,3,6,41
SUR,1968,0,0,0,0
SUR,1972,0,0,0,0
SUR,1976,0,0,0,0
SUR,1984,0,0,0,0
SUR,1988,0,0,1,5
SUR,1992,1,0,0,1
SUR,1996,0,0,0,0
SUR,2000,0,0,0,0
SUR,2004,0,0,0,0
SUR,2008,0,0,0,0
SUR,2012,0,0,0,0
SUR,2016,0,0,0,0
SVK,1996,1,1,1,9
SVK,2000,1,3,2,20
SVK,2004,5,2,3,26
SVK,2008,1,5,4,36
SVK,2012,4,1,0,7
SVK,2016,0,5,3,30
SWE,1896,0,0,0,0
SWE,1900,1,0,3,16
SWE,1906,14,5,2,39
SWE,1908,18,18,48,312
SWE,1912,25,62,103,726
SWE,1920,64,38,52,438
SWE,1924,43,22,7,144
SWE,1928,22,8,7,81
SWE,1932,12,7,13,98
SWE,1936,17,11,7,85
SWE,1948,30,15,30,225
SWE,1952,23,24,23,210
SWE,1956,6,14,14,118
SWE,1960,3,2,2,19
SWE,1964,8,4,3,35
SWE,1968,1,4,4,33
SWE,1972,8,10,4,58
SWE,1976,0,1,9,48
SWE,1980,9,8,3,48
SWE,1984,13,18,3,82
SWE,1988,11,5,0,26
SWE,1992,7,27,1,93
SWE,1996,5,23,3,89
SWE,2000,8,20,4,88
SWE,2004,2,5,5,42
SWE,2008,2,5,0,17
SWE,2012,3,17,2,64
SWE,2016,3,23,2,82
SWZ,1972,0,0,0,0
SWZ,1984,0,0,0,0
SWZ,1988,0,0,0,0
SWZ,1992,0,0,0,0
SWZ,1996,0,0,0,0
SWZ,2000,0,0,0,0
SWZ,2004,0,0,0,0
SWZ,2008,0,0,0,0
SWZ,2012,0,0,0,0
SWZ,2016,0,0,0,0
SYR,1948,0,0,0,0
SYR,1968,0,0,0,0
SYR,1972,0,0,0,0
SYR,1980,0,0,0,0
SYR,1984,0,1,0,3
SYR,1988,0,0,0,0
SYR,1992,0,0,0,0
SYR,1996,0,0,1,5
SYR,2000,0,0,0,0
SYR,2004,1,0,0,1
SYR,2008,0,0,0,0
SYR,2012,0,0,0,0
SYR,2016,0,0,0,0
TAN,1964,0,0,0,0
TAN,1968,0,0,0,0
TAN,1972,0,0,0,0
TAN,1980,0,2,0,6
TAN,1984,0,0,0,0
TAN,1988,0,0,0,0
TAN,1992,0,0,0,0
TAN,1996,0,0,0,0
TAN,2000,0,0,0,0
TAN,2004,0,0,0,0
TAN,2008,0,0,0,0
TAN,2012,0,0,0,0
TAN,2016,0,0,0,0
TCH,1920,10,0,0,10
TCH,1924,5,4,1,22
TCH,1928,2,12,2,48
TCH,1932,2,3,1,16
TCH,1936,1,12,5,62
TCH,1948,3,3,14,82
TCH,1952,10,4,11,77
TCH,1956,1,5,1,21
TCH,1960,11,7,4,52
TCH,1964,12,37,5,148
TCH,1968,15,7,7,71
TCH,1972,6,21,2,79
TCH,1976,9,4,2,31
TCH,1980,16,18,17,155
TCH,1988,3,4,3,30
TCH,1992,1,3,4,30
TGA,1984,0,0,0,0
TGA,1988,0,0,0,0
TGA,1992,0,0,0,0
TGA,1996,0,1,0,3
TGA,2000,0,0,0,0
TGA,2004,0,0,0,0
TGA,2008,0,0,0,0
TGA,2012,0,0,0,0
TGA,2016,0,0,0,0
THA,1952,0,0,0,0
THA,1956,0,0,0,0
THA,1960,0,0,0,0
THA,1964,0,0,0,0
THA,1968,0,0,0,0
THA,1972,0,0,0,0
THA,1976,1,0,0,1
THA,1984,0,1,0,3
THA,1988,1,0,0,1
THA,1992,1,0,0,1
THA,1996,1,0,1,6
THA,2000,2,0,1,7
THA,2004,4,1,3,22
THA,2008,0,2,2,16
THA,2012,1,2,0,7
THA,2016,2,2,2,18
TJK,1996,0,0,0,0
TJK,2000,0,0,0,0
TJK,2004,0,0,0,0
TJK,2008,1,1,0,4
TJK,2012,1,0,0,1
TJK,2016,0,0,1,5
TKM,1996,0,0,0,0
TKM,2000,0,0,0,0
TKM,2004,0,0,0,0
TKM,2008,0,0,0,0
TKM,2012,0,0,0,0
TKM,2016,0,0,0,0
TLS,2004,0,0,0,0
TLS,2008,0,0,0,0
TLS,2012,0,0,0,0
TLS,2016,0,0,0,0
TOG,1972,0,0,0,0
TOG,1984,0,0,0,0
TOG,1988,0,0,0,0
TOG,1992,0,0,0,0
TOG,1996,0,0,0,0
TOG,2000,0,0,0,0
TOG,2004,0,0,0,0
TOG,2008,1,0,0,1
TOG,2012,0,0,0,0
TOG,2016,0,0,0,0
TPE,1956,0,0,0,0
TPE,1960,0,1,0,3
TPE,1964,0,0,0,0
TPE,1968,1,0,0,1
TPE,1972,0,0,0,0
TPE,1984,1,0,0,1
TPE,1988,0,0,0,0
TPE,1992,0,20,0,60
TPE,1996,0,1,0,3
TPE,2000,4,1,0,7
TPE,2004,3,4,2,25
TPE,2008,4,0,0,4
TPE,2012,1,1,0,4
TPE,2016,4,0,1,9
TTO,1948,0,1,0,3
TTO,1952,2,0,0,2
TTO,1956,0,0,0,0
TTO,1964,5,1,0,8
TTO,1968,0,0,0,0
TTO,1972,0,0,0,0
TTO,1976,0,0,1,5
TTO,1980,0,0,0,0
TTO,1984,0,0,0,0
TTO,1988,0,0,0,0
TTO,1992,0,0,0,0
TTO,1996,2,0,0,2
TTO,2000,1,1,0,4
TTO,2004,1,0,0,1
TTO,2008,0,1,5,28
TTO,2012,5,4,1,22
TTO,2016,1,0,0,1
TUN,1960,0,0,0,0
TUN,1964,1,1,0,4
TUN,1968,1,0,1,6
TUN,1972,0,1,0,3
TUN,1976,0,0,0,0
TUN,1984,0,0,0,0
TUN,1988,0,0,0,0
TUN,1992,0,0,0,0
TUN,1996,1,0,0,1
TUN,2000,0,0,0,0
TUN,2004,0,0,0,0
TUN,2008,0,0,1,5
TUN,2012,1,1,1,9
TUN,2016,3,0,0,3
TUR,1906,0,0,0,0
TUR,1912,0,0,0,0
TUR,1924,0,0,0,0
TUR,1928,0,0,0,0
TUR,1932,0,0,0,0
TUR,1936,1,0,1,6
TUR,1948,2,4,6,44
TUR,1952,1,0,2,11
TUR,1956,2,2,3,23
TUR,1960,0,2,7,41
TUR,1964,1,3,2,20
TUR,1968,0,0,2,10
TUR,1972,0,1,0,3
TUR,1976,0,0,0,0
TUR,1984,3,0,0,3
TUR,1988,0,1,1,8
TUR,1992,2,2,2,18
TUR,1996,1,1,4,24
TUR,2000,2,0,3,17
TUR,2004,5,3,3,29
TUR,2008,3,3,1,17
TUR,2012,1,2,2,17
TUR,2016,4,3,1,18
TUV,2008,0,0,0,0
TUV,2012,0,0,0,0
TUV,2016,0,0,0,0
UAE,1984,0,0,0,0
UAE,1988,0,0,0,0
UAE,1992,0,0,0,0
UAE,1996,0,0,0,0
UAE,2000,0,0,0,0
UAE,2004,0,0,1,5
UAE,2008,0,0,0,0
UAE,2012,0,0,0,0
UAE,2016,1,0,0,1
UAR,1960,1,1,0,4
UGA,1956,0,0,0,0
UGA,1960,0,0,0,0
UGA,1964,0,0,0,0
UGA,1968,1,1,0,4
UGA,1972,0,1,1,8
UGA,1980,0,1,0,3
UGA,1984,0,0,0,0
UGA,1988,0,0,0,0
UGA,1992,0,0,0,0
UGA,1996,1,0,0,1
UGA,2000,0,0,0,0
UGA,2004,0,0,0,0
UGA,2008,0,0,0,0
UGA,2012,0,0,1,5
UGA,2016,0,0,0,0
UKR,1996,19,5,10,84
UKR,2000,12,20,3,87
UKR,2004,31,8,8,95
UKR,2008,16,5,10,81
UKR,2012,12,5,9,72
UKR,2016,5,8,2,39
UNK,1912,0,0,0,0
URS,1952,19,62,36,385
URS,1956,55,46,68,533
URS,1960,45,63,61,539
URS,1964,51,63,60,540
URS,1968,64,63,65,578
URS,1972,60,47,107,736
URS,1976,77,95,114,932
URS,1980,126,129,187,1448
URS,1988,99,67,134,970
URU,1924,0,0,14,70
URU,1928,0,0,17,85
URU,1932,1,0,0,1
URU,1936,0,0,0,0
URU,1948,2,1,0,5
URU,1952,14,0,0,14
URU,1956,12,0,0,12
URU,1960,0,0,0,0
URU,1964,1,0,0,1
URU,1968,0,0,0,0
URU,1972,0,0,0,0
URU,1976,0,0,0,0
URU,1984,0,0,0,0
URU,1988,0,0,0,0
URU,1992,0,0,0,0
URU,1996,0,0,0,0
URU,2000,0,1,0,3
URU,2004,0,0,0,0
URU,2008,0,0,0,0
URU,2012,0,0,0,0
URU,2016,0,0,0,0
USA,1896,2,7,11,78
USA,1900,17,16,30,215
USA,1904,125,141,128,1188
USA,1906,6,6,12,84
USA,1908,15,16,34,233
USA,1912,36,25,46,341
USA,1920,38,45,111,728
USA,1924,49,36,97,642
USA,1928,17,24,47,324
USA,1932,61,47,81,607
USA,1936,16,29,51,358
USA,1948,35,30,87,560
USA,1952,28,23,83,512
USA,1956,20,42,61,451
USA,1960,21,23,81,495
USA,1964,37,37,95,623
USA,1968,35,32,99,626
USA,1972,43,59,69,565
USA,1976,36,58,70,560
USA,1984,50,116,186,1328
USA,1988,54,66,87,687
USA,1992,85,50,89,680
USA,1996,52,48,159,991
USA,2000,51,61,130,884
USA,2004,71,75,117,881
USA,2008,80,110,127,1045
USA,2012,46,57,145,942
USA,2016,71,54,139,928
UZB,1996,1,1,0,4
UZB,2000,2,1,1,10
UZB,2004,2,1,2,15
UZB,2008,3,2,1,14
UZB,2012,2,0,1,7
UZB,2016,7,2,4,33
VAN,1988,0,0,0,0
VAN,1992,0,0,0,0
VAN,1996,0,0,0,0
VAN,2000,0,0,0,0
VAN,2004,0,0,0,0
VAN,2008,0,0,0,0
VAN,2012,0,0,0,0
VAN,2016,0,0,0,0
VEN,1932,0,0,0,0
VEN,1948,0,0,0,0
VEN,1952,1,0,0,1
VEN,1956,0,0,0,0
VEN,1960,1,0,0,1
VEN,1964,0,0,0,0
VEN,1968,0,0,1,5
VEN,1972,0,0,0,0
VEN,1976,0,1,0,3
VEN,1980,0,1,0,3
VEN,1984,3,0,0,3
VEN,1988,0,0,0,0
VEN,1992,0,0,0,0
VEN,1996,0,0,0,0
VEN,2000,0,0,0,0
VEN,2004,2,0,0,2
VEN,2008,1,0,0,1
VEN,2012,0,0,1,5
VEN,2016,2,1,0,5
VIE,1980,0,0,0,0
VIE,1988,0,0,0,0
VIE,1992,0,0,0,0
VIE,1996,0,0,0,0
VIE,2000,0,1,0,3
VIE,2004,0,0,0,0
VIE,2008,0,1,0,3
VIE,2012,0,0,0,0
VIE,2016,0,1,1,8
VIN,1988,0,0,0,0
VIN,1992,0,0,0,0
VIN,1996,0,0,0,0
VIN,2000,0,0,0,0
VIN,2004,0,0,0,0
VIN,2008,0,0,0,0
VIN,2012,0,0,0,0
VIN,2016,0,0,0,0
VNM,1952,0,0,0,0
VNM,1956,0,0,0,0
VNM,1960,0,0,0,0
VNM,1964,0,0,0,0
VNM,1968,0,0,0,0
VNM,1972,0,0,0,0
WIF,1960,5,0,0,5
YAR,1984,0,0,0,0
YAR,1988,0,0,0,0
YEM,1992,0,0,0,0
YEM,1996,0,0,0,0
YEM,2000,0,0,0,0
YEM,2004,0,0,0,0
YEM,2008,0,0,0,0
YEM,2012,0,0,0,0
YEM,2016,0,0,0,0
YMD,1988,0,0,0,0
YUG,1920,0,0,0,0
YUG,1924,0,0,2,10
YUG,1928,10,1,1,18
YUG,1932,0,0,0,0
YUG,1936,0,1,0,3
YUG,1948,0,16,0,48
YUG,1952,0,20,4,80
YUG,1956,0,23,0,69
YUG,1960,0,1,16,83
YUG,1964,2,11,2,45
YUG,1968,2,14,13,109
YUG,1972,2,1,15,80
YUG,1976,3,14,2,55
YUG,1980,17,27,13,163
YUG,1984,35,5,47,285
YUG,1988,21,27,15,177
ZAM,1964,0,0,0,0
ZAM,1968,0,0,0,0
ZAM,1972,0,0,0,0
ZAM,1980,0,0,0,0
ZAM,1984,1,0,0,1
ZAM,1988,0,0,0,0
ZAM,1992,0,0,0,0
ZAM,1996,0,1,0,3
ZAM,2000,0,0,0,0
ZAM,2004,0,0,0,0
ZAM,2008,0,0,0,0
ZAM,2012,0,0,0,0
ZAM,2016,0,0,0,0
ZIM,1928,0,0,0,0
ZIM,1960,0,0,0,0
ZIM,1964,0,0,0,0
ZIM,1980,0,0,15,75
ZIM,1984,0,0,0,0
ZIM,1988,0,0,0,0
ZIM,1992,0,0,0,0
ZIM,1996,0,0,0,0
ZIM,2000,0,0,0,0
ZIM,2004,1,1,1,9
ZIM,2008,0,3,1,14
ZIM,2012,0,0,0,0
ZIM,2016,0,0,0,0